
{
   
    "data" : [
        {
            "region" : "WESTERN",
            "line" : "1",
            "draftFlowRate" : 500
        },
        {
            "region" : "WESTERN",
            "line" : "1",
            "draftFlowRate" : 600 
        },
        {
            "region" : "WESTERN",
            "line" : "1",
            "draftFlowRate" : 800
        },
        {
            "region" : "WESTERN",
            "line" : "1",

            "draftFlowRate" : 1000

        },
        {
            "region" : "WESTERN",
            "line" : "1",
            "draftFlowRate" : 1200
        }
    ]
}