{
    "meta" : {
        "refFlowRateUpdatedDateTime" : "2024-12-03T10:15:30+01:00",
        "userFlowRateUpdateDateTime": "2024-12-03T10:15:30+01:00",
        "optimusUpdadateSuccessFlag" : true, // true=success, false=failed
        "updateByUserId" : "cameronj",
        "updateByUsername" : "Cameron James",
        "updateByUserGUID" : "0ab9dc5b-423c-4da8-a0ad-d4688761332d",
        "historyId" : 1234
    },
    "data" : [
        {
            "region" : "WESTERN",
            "line" : "1",
            "publishedFlowRate" : 500,
            "draftFlowRate" : 500,
            "refFlowRate" : 500 
        },
        {
            "region" : "WESTERN",
            "line" : "1",
            "publishedFlowRate" : 600,
            "draftFlowRate" : 600, //user changed value
            "refFlowRate" : -1 
        },
        {
            "region" : "WESTERN",
            "line" : "1",
            "publishedFlowRate" : 800,
            "draftFlowRate" : 800,
            "refFlowRate" : 800 // This will alwyas be the most recent FlowRate from Optimus 
        },
        {
            "region" : "WESTERN",
            "line" : "1",
            "publishedFlowRate" : 1000,
            "draftFlowRate" : 1000,
            "refFlowRate" : 800
        },
        {
            "region" : "WESTERN",
            "line" : "1",
            "publishedFlowRate" : 1200,
            "draftFlowRate" : 1200,
            "refFlowRate" : 1200
        },
        {
            "region" : "WESTERN",
            "line" : "2A",
            "publishedFlowRate" : 1500,
            "draftFlowRate" : 1500,
            "refFlowRate" : 1500
        }, 
        {
            "region" : "WESTERN",
            "line" : "2B",
            "publishedFlowRate" : 1500,
            "draftFlowRate" : 1500,
            "refFlowRate" : 1500
        },    
        {
            "region" : "CENTRAL",
            "line" : "5",
            "publishedFlowRate" : -1,
            "draftFlowRate" : -1,
            "refFlowRate" : 500
        }
    ]
}