{
	"info": {
		"_postman_id": "c570a07c-1bb4-4e0c-a498-f7512b2c7ed1",
		"name": "BOLT",
		"schema": "https://schema.getpostman.com/json/collection/v2.1.0/collection.json",
		"_exporter_id": "38600777"
	},
	"item": [
		{
			"name": "DRA",
			"item": [
				{
					"name": "Local",
					"item": [
						{
							"name": "Archive DRA",
							"request": {
								"method": "PUT",
								"header": [
									{
										"key": "x-username",
										"value": "nidhi",
										"type": "text"
									},
									{
										"key": "x-userid",
										"value": "kumarin4",
										"type": "text"
									},
									{
										"key": "x-userguid",
										"value": "0AB9DC5B-423C-4DA8-A0AD-D4688761332D",
										"type": "text"
									}
								],
								"body": {
									"mode": "raw",
									"raw": "",
									"options": {
										"raw": {
											"language": "json"
										}
									}
								},
								"url": {
									"raw": "https://localhost:7248/api/DRA/archive/null",
									"protocol": "https",
									"host": [
										"localhost"
									],
									"port": "7248",
									"path": [
										"api",
										"DRA",
										"archive",
										"null"
									]
								}
							},
							"response": []
						},
						{
							"name": "Published DRA",
							"request": {
								"method": "POST",
								"header": [
									{
										"key": "x-username",
										"value": "nidhi",
										"type": "text"
									},
									{
										"key": "x-userid",
										"value": "kumarin4",
										"type": "text"
									},
									{
										"key": "x-userguid",
										"value": "0AB9DC5B-423C-4DA8-A0AD-D4688761332D",
										"type": "text"
									}
								],
								"body": {
									"mode": "raw",
									"raw": "",
									"options": {
										"raw": {
											"language": "json"
										}
									}
								},
								"url": {
									"raw": "https://localhost:7248/api/DRA/publish/\"Test\"",
									"protocol": "https",
									"host": [
										"localhost"
									],
									"port": "7248",
									"path": [
										"api",
										"DRA",
										"publish",
										"\"Test\""
									]
								}
							},
							"response": []
						},
						{
							"name": "Update_DRAFluidGroup",
							"request": {
								"method": "PATCH",
								"header": [
									{
										"key": "x-username",
										"value": "nidhi",
										"type": "text"
									},
									{
										"key": "x-userid",
										"value": "kumarin4",
										"type": "text"
									},
									{
										"key": "x-userguid",
										"value": "0AB9DC5B-423C-4DA8-A0AD-D4688761332D",
										"type": "text"
									}
								],
								"body": {
									"mode": "raw",
									"raw": "{\r\n  \"data\": [\r\n    {\r\n      \"fluidGroup\": 1,\r\n      \"value\": 0\r\n    },\r\n     {\r\n      \"fluidGroup\": 2,\r\n      \"value\": 0\r\n    }  ]\r\n}",
									"options": {
										"raw": {
											"language": "json"
										}
									}
								},
								"url": {
									"raw": "https://localhost:7248/api/DRA/fluid-groups/2A",
									"protocol": "https",
									"host": [
										"localhost"
									],
									"port": "7248",
									"path": [
										"api",
										"DRA",
										"fluid-groups",
										"2A"
									]
								}
							},
							"response": []
						}
					]
				},
				{
					"name": "Live",
					"item": [
						{
							"name": "DRA_Cost",
							"request": {
								"method": "GET",
								"header": [
									{
										"key": "x-username",
										"value": "debshree",
										"type": "text"
									},
									{
										"key": "x-userid",
										"value": "chakrad1",
										"type": "text"
									},
									{
										"key": "x-userguid",
										"value": "0AB4DC4B-423C-4DA8-A0AD-D4688761662D",
										"type": "text"
									}
								],
								"url": {
									"raw": "https://app-bolt-dev-cac.azurewebsites.net/api/DRA/dra-cost",
									"protocol": "https",
									"host": [
										"app-bolt-dev-cac",
										"azurewebsites",
										"net"
									],
									"path": [
										"api",
										"DRA",
										"dra-cost"
									]
								}
							},
							"response": []
						},
						{
							"name": "DRA_fluid-groups",
							"request": {
								"method": "GET",
								"header": [
									{
										"key": "x-username",
										"value": "debshree",
										"type": "text"
									},
									{
										"key": "x-userid",
										"value": "chakrad1",
										"type": "text"
									},
									{
										"key": "x-userguid",
										"value": "0AB9DC5B-423C-4DA8-A0AD-D4688761332D",
										"type": "text"
									}
								],
								"url": {
									"raw": "https://app-bolt-dev-cac.azurewebsites.net/api/DRA/fluid-groups",
									"protocol": "https",
									"host": [
										"app-bolt-dev-cac",
										"azurewebsites",
										"net"
									],
									"path": [
										"api",
										"DRA",
										"fluid-groups"
									]
								}
							},
							"response": []
						},
						{
							"name": "DRA",
							"request": {
								"method": "GET",
								"header": []
							},
							"response": []
						},
						{
							"name": "DRA_Details",
							"request": {
								"method": "GET",
								"header": [
									{
										"key": "x-username",
										"value": "debshree",
										"type": "text"
									},
									{
										"key": "x-userid",
										"value": "chakrad1",
										"type": "text"
									},
									{
										"key": "x-userguid",
										"value": "0AB9DC5B-423C-4DA8-A0AD-D4688761332D",
										"type": "text"
									}
								],
								"url": {
									"raw": "https://app-bolt-dev-cac.azurewebsites.net/api/DRA/detail/20",
									"protocol": "https",
									"host": [
										"app-bolt-dev-cac",
										"azurewebsites",
										"net"
									],
									"path": [
										"api",
										"DRA",
										"detail",
										"20"
									]
								}
							},
							"response": []
						},
						{
							"name": "Update_DRA_Details",
							"request": {
								"method": "PATCH",
								"header": [
									{
										"key": "x-username",
										"value": "debshree",
										"type": "text"
									},
									{
										"key": "x-userid",
										"value": "chakrad1",
										"type": "text"
									},
									{
										"key": "x-userguid",
										"value": "0AB9DC5B-423C-4DA8-A0AD-D4688761332D",
										"type": "text"
									}
								],
								"body": {
									"mode": "raw",
									"raw": "{\r\n  \"data\": [\r\n    {\r\n      \"station\": \"CM\",\r\n      \"flowRatem3hr\": 5000,\r\n      \"userGivenUsageLbHr\": 50,\r\n      \"draType\": \"Heavy\"\r\n    }\r\n  ]\r\n}",
									"options": {
										"raw": {
											"language": "json"
										}
									}
								},
								"url": {
									"raw": "https://app-bolt-dev-cac.azurewebsites.net/api/DRA/detail/75",
									"protocol": "https",
									"host": [
										"app-bolt-dev-cac",
										"azurewebsites",
										"net"
									],
									"path": [
										"api",
										"DRA",
										"detail",
										"75"
									]
								}
							},
							"response": []
						},
						{
							"name": "Delete-DRA",
							"request": {
								"method": "DELETE",
								"header": [
									{
										"key": "x-username",
										"value": "debshree",
										"type": "text"
									},
									{
										"key": "x-userid",
										"value": "chakrad1",
										"type": "text"
									},
									{
										"key": "x-userguid",
										"value": "0AB9DC5B-423C-4DA8-A0AD-D4688761332D",
										"type": "text"
									}
								],
								"url": {
									"raw": "https://app-bolt-dev-cac.azurewebsites.net/api/DRA/delete/75",
									"protocol": "https",
									"host": [
										"app-bolt-dev-cac",
										"azurewebsites",
										"net"
									],
									"path": [
										"api",
										"DRA",
										"delete",
										"75"
									]
								}
							},
							"response": []
						},
						{
							"name": "Create-Draft-DRA",
							"request": {
								"method": "POST",
								"header": [
									{
										"key": "x-username",
										"value": "debshree",
										"type": "text"
									},
									{
										"key": "x-userid",
										"value": "chakrad1",
										"type": "text"
									},
									{
										"key": "x-userguid",
										"value": "0AB9DC5B-423C-4DA8-A0AD-D4688761332D",
										"type": "text"
									}
								],
								"body": {
									"mode": "raw",
									"raw": "{\r\n  \"data\": {\r\n    \"line\": \"65\",\r\n    \"title\": \"Test dra for line 65\",\r\n    \"applicableDateStart\": \"2025-01-10T13:46:20.540Z\",\r\n    \"applicableDateEnd\": \"2025-01-11T13:46:20.540Z\"\r\n  }\r\n}",
									"options": {
										"raw": {
											"language": "json"
										}
									}
								},
								"url": {
									"raw": "https://app-bolt-dev-cac.azurewebsites.net/api/DRA/create",
									"protocol": "https",
									"host": [
										"app-bolt-dev-cac",
										"azurewebsites",
										"net"
									],
									"path": [
										"api",
										"DRA",
										"create"
									]
								}
							},
							"response": []
						},
						{
							"name": "Archive DRA",
							"request": {
								"method": "PUT",
								"header": [
									{
										"key": "x-username",
										"value": "debshree",
										"type": "text"
									},
									{
										"key": "x-userid",
										"value": "chakrad1",
										"type": "text"
									},
									{
										"key": "x-userguid",
										"value": "0AB9DC5B-423C-4DA8-A0AD-D4688761332D",
										"type": "text"
									}
								],
								"url": {
									"raw": "https://app-bolt-dev-cac.azurewebsites.net/api/DRA/archive/74",
									"protocol": "https",
									"host": [
										"app-bolt-dev-cac",
										"azurewebsites",
										"net"
									],
									"path": [
										"api",
										"DRA",
										"archive",
										"74"
									]
								}
							},
							"response": []
						},
						{
							"name": "Published DRA",
							"request": {
								"method": "POST",
								"header": [
									{
										"key": "x-username",
										"value": "debshree",
										"type": "text"
									},
									{
										"key": "x-userid",
										"value": "chakrad1",
										"type": "text"
									},
									{
										"key": "x-userguid",
										"value": "0AB9DC5B-423C-4DA8-A0AD-D4688761332D",
										"type": "text"
									}
								],
								"url": {
									"raw": "https://app-bolt-dev-cac.azurewebsites.net/api/DRA/publish/74",
									"protocol": "https",
									"host": [
										"app-bolt-dev-cac",
										"azurewebsites",
										"net"
									],
									"path": [
										"api",
										"DRA",
										"publish",
										"74"
									]
								}
							},
							"response": []
						},
						{
							"name": "Update-DRAFluidGroup",
							"request": {
								"method": "PATCH",
								"header": [
									{
										"key": "x-username",
										"value": "debshree",
										"type": "text"
									},
									{
										"key": "x-userid",
										"value": "chakrad1",
										"type": "text"
									},
									{
										"key": "x-userguid",
										"value": "0AB9DC5B-423C-4DA8-A0AD-D4688761332D",
										"type": "text"
									}
								],
								"body": {
									"mode": "raw",
									"raw": "{\r\n  \"data\": [\r\n    {\r\n      \"fluidGroup\": 1,\r\n      \"value\": 50\r\n    },\r\n     {\r\n      \"fluidGroup\": 2,\r\n      \"value\": 50\r\n    }  ]\r\n}",
									"options": {
										"raw": {
											"language": "json"
										}
									}
								},
								"url": {
									"raw": "https://app-bolt-dev-cac.azurewebsites.net/api/DRA/fluid-groups/65",
									"protocol": "https",
									"host": [
										"app-bolt-dev-cac",
										"azurewebsites",
										"net"
									],
									"path": [
										"api",
										"DRA",
										"fluid-groups",
										"65"
									]
								}
							},
							"response": []
						},
						{
							"name": "Duplicate-DRA",
							"request": {
								"method": "POST",
								"header": [
									{
										"key": "x-username",
										"value": "debshree",
										"type": "text"
									},
									{
										"key": "x-userid",
										"value": "chakrad1",
										"type": "text"
									},
									{
										"key": "x-userguid",
										"value": "0AB9DC5B-423C-4DA8-A0AD-D4688761332D",
										"type": "text"
									}
								],
								"url": {
									"raw": "https://app-bolt-dev-cac.azurewebsites.net/api/DRA/duplicate/74",
									"protocol": "https",
									"host": [
										"app-bolt-dev-cac",
										"azurewebsites",
										"net"
									],
									"path": [
										"api",
										"DRA",
										"duplicate",
										"74"
									]
								}
							},
							"response": []
						},
						{
							"name": "Update-DRA",
							"request": {
								"method": "PATCH",
								"header": [
									{
										"key": "x-username",
										"value": "debshree",
										"type": "text"
									},
									{
										"key": "x-userid",
										"value": "chakrad1",
										"type": "text"
									},
									{
										"key": "x-userguid",
										"value": "0AB9DC5B-423C-4DA8-A0AD-D4688761332D",
										"type": "text"
									}
								],
								"body": {
									"mode": "raw",
									"raw": "{\r\n  \"data\": [\r\n    {\r\n      \"draSummaryID\": 75,\r\n      \"title\": \"Update dra for line 65\",\r\n      \"applicableDateStart\": \"2025-01-10T19:24:14.595Z\",\r\n      \"applicableDateEnd\": \"2025-01-10T19:24:14.595Z\",\r\n      \"heavyPercentage\": 50,\r\n      \"lightPercentage\": 50\r\n    }\r\n  ]\r\n}",
									"options": {
										"raw": {
											"language": "json"
										}
									}
								},
								"url": {
									"raw": "https://app-bolt-dev-cac.azurewebsites.net/api/DRA/update",
									"protocol": "https",
									"host": [
										"app-bolt-dev-cac",
										"azurewebsites",
										"net"
									],
									"path": [
										"api",
										"DRA",
										"update"
									]
								}
							},
							"response": []
						},
						{
							"name": "Mark-Favourite-DRA",
							"request": {
								"method": "PUT",
								"header": [
									{
										"key": "x-username",
										"value": "debshree",
										"type": "text"
									},
									{
										"key": "x-userid",
										"value": "chakrad1",
										"type": "text"
									},
									{
										"key": "x-userguid",
										"value": "0AB9DC5B-423C-4DA8-A0AD-D4688761332D",
										"type": "text"
									}
								],
								"url": {
									"raw": "https://app-bolt-dev-cac.azurewebsites.net/api/DRA/mark-favourite/74",
									"protocol": "https",
									"host": [
										"app-bolt-dev-cac",
										"azurewebsites",
										"net"
									],
									"path": [
										"api",
										"DRA",
										"mark-favourite",
										"74"
									]
								}
							},
							"response": []
						},
						{
							"name": "Overwrite-DRA-cost",
							"request": {
								"method": "PATCH",
								"header": [
									{
										"key": "x-username",
										"value": "debshree",
										"type": "text"
									},
									{
										"key": "x-userid",
										"value": "chakrad1",
										"type": "text"
									},
									{
										"key": "x-userguid",
										"value": "0AB9DC5B-423C-4DA8-A0AD-D4688761332D",
										"type": "text"
									}
								],
								"body": {
									"mode": "raw",
									"raw": "{\r\n  \"data\": [\r\n    {\r\n      \"draType\": \"Heavy\",\r\n      \"density\": 10,\r\n      \"costPerGalCAD\": 10,\r\n      \"costPerLBCAD\": 10\r\n    }\r\n  ]\r\n}",
									"options": {
										"raw": {
											"language": "json"
										}
									}
								},
								"url": {
									"raw": "https://app-bolt-dev-cac.azurewebsites.net/api/DRA/dra-cost/update/overwritecost",
									"protocol": "https",
									"host": [
										"app-bolt-dev-cac",
										"azurewebsites",
										"net"
									],
									"path": [
										"api",
										"DRA",
										"dra-cost",
										"update",
										"overwritecost"
									]
								}
							},
							"response": []
						}
					]
				}
			]
		},
		{
			"name": "Flowrates",
			"item": [
				{
					"name": "Local",
					"item": []
				},
				{
					"name": "Live",
					"item": [
						{
							"name": "Get Flowrates",
							"request": {
								"method": "GET",
								"header": [
									{
										"key": "x-username",
										"value": "nidhi",
										"type": "text"
									},
									{
										"key": "x-userid",
										"value": "kumarin4",
										"type": "text"
									},
									{
										"key": "x-userguid",
										"value": "0AB9DC5B-423C-4DA8-A0AD-D4688761332D",
										"type": "text"
									}
								],
								"url": {
									"raw": "https://app-bolt-dev-cac.azurewebsites.net/api/FlowRates",
									"protocol": "https",
									"host": [
										"app-bolt-dev-cac",
										"azurewebsites",
										"net"
									],
									"path": [
										"api",
										"FlowRates"
									]
								}
							},
							"response": []
						},
						{
							"name": "Create Draft",
							"request": {
								"method": "POST",
								"header": []
							},
							"response": []
						},
						{
							"name": "Update Draft",
							"request": {
								"method": "PUT",
								"header": [
									{
										"key": "x-username",
										"value": "debshree",
										"type": "text"
									},
									{
										"key": "x-userid",
										"value": "chakrad1",
										"type": "text"
									},
									{
										"key": "x-userguid",
										"value": "0AB9DC5B-423C-4DA8-A0AD-D4688761332D",
										"type": "text"
									}
								],
								"body": {
									"mode": "raw",
									"raw": "\r\n{\r\n   \r\n    \"data\" : [\t\r\n\t    {\r\n            \r\n            \"line\" : \"1\",\r\n            \"draftFlowRatem3hr\" : 800\r\n        },\r\n        {\r\n            \r\n            \"line\" : \"1\",\r\n            \"draftFlowRatem3hr\" : 600\r\n        },\r\n        {\r\n            \r\n            \"line\" : \"1\",\r\n            \"draftFlowRatem3hr\" : 1000\r\n        },\r\n        {\r\n            \r\n            \"line\" : \"1\",\r\n            \"draftFlowRatem3hr\" : 1200\r\n        },\r\n        {\r\n            \r\n            \"line\" : \"1\",\r\n            \"draftFlowRatem3hr\" : 1350\r\n        },\r\n\r\n\r\n        {\r\n            \r\n            \"line\" : \"2A\",\r\n            \"draftFlowRatem3hr\" : 2500\r\n        },\r\n        {\r\n            \r\n            \"line\" : \"2A\",\r\n            \"draftFlowRatem3hr\" : 2350\r\n        },\r\n        {\r\n            \r\n            \"line\" : \"2A\",\r\n            \"draftFlowRatem3hr\" : 1900\r\n        },\r\n        {\r\n            \r\n            \"line\" : \"2A\",\r\n            \"draftFlowRatem3hr\" : 1500\r\n        },\r\n        {\r\n            \r\n            \"line\" : \"2A\",\r\n            \"draftFlowRatem3hr\" : 2900\r\n        },\r\n\t    {\r\n            \r\n            \"line\" : \"2A\",\r\n            \"draftFlowRatem3hr\" : 2100\r\n        },\r\n        {\r\n            \r\n            \"line\" : \"2A\",\r\n            \"draftFlowRatem3hr\" : 2200\r\n        },\r\n\t    {\r\n            \r\n            \"line\" : \"2A\",\r\n            \"draftFlowRatem3hr\" : 2700\r\n        },\r\n\r\n\t\r\n\t    {\r\n            \r\n            \"line\" : \"2B\",\r\n            \"draftFlowRatem3hr\" : 2200\r\n        },\r\n        {\r\n            \r\n            \"line\" : \"2B\",\r\n            \"draftFlowRatem3hr\" : 2500 \r\n        },\r\n        {\r\n            \r\n            \"line\" : \"2B\",\r\n            \"draftFlowRatem3hr\" : 1900\r\n        },\r\n        {\r\n            \r\n            \"line\" : \"2B\",\r\n            \"draftFlowRatem3hr\" : 2900\r\n\r\n        },\r\n        {\r\n            \r\n            \"line\" : \"2B\",\r\n            \"draftFlowRatem3hr\" : 1500\r\n        },\r\n        {\r\n            \r\n            \"line\" : \"2B\",\r\n            \"draftFlowRatem3hr\" : 2350\r\n        },\r\n        {\r\n            \r\n            \"line\" : \"2B\",\r\n            \"draftFlowRatem3hr\" : 2100\r\n\r\n        },\r\n        {\r\n            \r\n            \"line\" : \"2B\",\r\n            \"draftFlowRatem3hr\" : 3000\r\n        },\r\n\t    {\r\n            \r\n            \"line\" : \"2B\",\r\n            \"draftFlowRatem3hr\" : 2750\r\n        },\r\n\r\n\r\n\t    {\r\n            \r\n            \"line\" : \"4\",\r\n            \"draftFlowRatem3hr\" : 5350\r\n        },\r\n        {\r\n            \r\n            \"line\" : \"4\",\r\n            \"draftFlowRatem3hr\" : 3800 \r\n        },\r\n        {\r\n            \r\n            \"line\" : \"4\",\r\n            \"draftFlowRatem3hr\" : 5500\r\n        },\r\n        {\r\n            \r\n            \"line\" : \"4\",\r\n            \"draftFlowRatem3hr\" : 5850\r\n\r\n        },\r\n        {\r\n            \r\n            \"line\" : \"4\",\r\n            \"draftFlowRatem3hr\" : 4450\r\n        },\r\n\t    {\r\n            \r\n            \"line\" : \"4\",\r\n            \"draftFlowRatem3hr\" : 4750 \r\n        },\r\n        {\r\n            \r\n            \"line\" : \"4\",\r\n            \"draftFlowRatem3hr\" : 5670\r\n        },\r\n        {\r\n            \r\n            \"line\" : \"4\",\r\n            \"draftFlowRatem3hr\" : 3600\r\n\r\n        },\r\n        {\r\n            \r\n            \"line\" : \"4\",\r\n            \"draftFlowRatem3hr\" : 5150\r\n        },\r\n\r\n\t\r\n        {\r\n            \r\n            \"line\" : \"65\",\r\n            \"draftFlowRatem3hr\" : 750 \r\n        },\r\n        {\r\n            \r\n            \"line\" : \"65\",\r\n            \"draftFlowRatem3hr\" : 1370\r\n        },\r\n        {\r\n            \r\n            \"line\" : \"65\",\r\n            \"draftFlowRatem3hr\" : 1000\r\n\r\n        },\r\n        {\r\n            \r\n            \"line\" : \"65\",\r\n            \"draftFlowRatem3hr\" : 1200\r\n        },\r\n\r\n\r\n\t    {\r\n            \r\n            \"line\" : \"67\",\r\n            \"draftFlowRatem3hr\" : 4200\r\n        },\r\n        {\r\n            \r\n            \"line\" : \"67\",\r\n            \"draftFlowRatem3hr\" : 5100\r\n        },\r\n        {\r\n            \r\n            \"line\" : \"67\",\r\n            \"draftFlowRatem3hr\" : 4500\r\n        },\r\n        {\r\n            \r\n            \"line\" : \"67\",\r\n            \"draftFlowRatem3hr\" : 5950\r\n\r\n        },\r\n        {\r\n            \r\n            \"line\" : \"67\",\r\n            \"draftFlowRatem3hr\" : 3750\r\n        },\r\n\t    {\r\n            \r\n            \"line\" : \"67\",\r\n            \"draftFlowRatem3hr\" : 2980\r\n        },\r\n        {\r\n            \r\n            \"line\" : \"67\",\r\n            \"draftFlowRatem3hr\" : 3300\r\n        },\r\n        {\r\n            \r\n            \"line\" : \"67\",\r\n            \"draftFlowRatem3hr\" : 5200\r\n        },\r\n        {\r\n            \r\n            \"line\" : \"67\",\r\n            \"draftFlowRatem3hr\" : 5500\r\n\r\n        },\r\n        {\r\n            \r\n            \"line\" : \"67\",\r\n            \"draftFlowRatem3hr\" : 3100\r\n        },\r\n\t    {\r\n            \r\n            \"line\" : \"67\",\r\n            \"draftFlowRatem3hr\" : 5400\r\n        },\r\n        {\r\n            \r\n            \"line\" : \"67\",\r\n            \"draftFlowRatem3hr\" : 5750\r\n        },\r\n        {\r\n            \r\n            \"line\" : \"67\",\r\n            \"draftFlowRatem3hr\" : 5890\r\n        },\r\n        {\r\n            \r\n            \"line\" : \"67\",\r\n            \"draftFlowRatem3hr\" : 4950\r\n\r\n        },\r\n        {\r\n            \r\n            \"line\" : \"67\",\r\n            \"draftFlowRatem3hr\" : 4800\r\n        },\r\n\t    {\r\n            \r\n            \"line\" : \"67\",\r\n            \"draftFlowRatem3hr\" : 4000\r\n        },\r\n        {\r\n            \r\n            \"line\" : \"67\",\r\n            \"draftFlowRatem3hr\" : 5300\r\n\r\n        },\r\n        {\r\n            \r\n            \"line\" : \"67\",\r\n            \"draftFlowRatem3hr\" : 5600\r\n        },\r\n\t    {\r\n            \r\n            \"line\" : \"67\",\r\n            \"draftFlowRatem3hr\" : 5350\r\n        },\r\n\t    {\r\n            \r\n            \"line\" : \"67\",\r\n            \"draftFlowRatem3hr\" : 5650\r\n        },\r\n\t    {\r\n            \r\n            \"line\" : \"67\",\r\n            \"draftFlowRatem3hr\" : 3650\r\n        },\r\n\t    {\r\n            \r\n            \"line\" : \"67\",\r\n            \"draftFlowRatem3hr\" : 1770\r\n        },\r\n\t    {\r\n            \r\n            \"line\" : \"67\",\r\n            \"draftFlowRatem3hr\" : 2650\r\n        },\r\n\t    {\r\n            \r\n            \"line\" : \"67\",\r\n            \"draftFlowRatem3hr\" : 2350\r\n        },\r\n\t    {\r\n            \r\n            \"line\" : \"67\",\r\n            \"draftFlowRatem3hr\" : 3350\r\n        },\r\n\t    {\r\n            \r\n            \"line\" : \"67\",\r\n            \"draftFlowRatem3hr\" : 4350\r\n        },\r\n\r\n\r\n\t    {\r\n            \r\n            \"line\" : \"93\",\r\n            \"draftFlowRatem3hr\" : 5150\r\n        },\r\n        {\r\n            \r\n            \"line\" : \"93\",\r\n            \"draftFlowRatem3hr\" :  4750\r\n        },\r\n        {\r\n            \r\n            \"line\" : \"93\",\r\n            \"draftFlowRatem3hr\" : 2980\r\n        },\r\n        {\r\n            \r\n            \"line\" : \"93\",\r\n            \"draftFlowRatem3hr\" : 5450\r\n\r\n        },\r\n        {\r\n            \r\n            \"line\" : \"93\",\r\n            \"draftFlowRatem3hr\" : 4500\r\n        },\r\n\t    {\r\n            \r\n            \"line\" : \"93\",\r\n            \"draftFlowRatem3hr\" : 3400\r\n        },\r\n        {\r\n            \r\n            \"line\" : \"93\",\r\n            \"draftFlowRatem3hr\" : 5000 \r\n        },\r\n        {\r\n            \r\n            \"line\" : \"93\",\r\n            \"draftFlowRatem3hr\" : 5600\r\n        },\r\n        {\r\n            \r\n            \"line\" : \"93\",\r\n            \"draftFlowRatem3hr\" : 5300\r\n\r\n        },\r\n        {\r\n            \r\n            \"line\" : \"93\",\r\n            \"draftFlowRatem3hr\" : 4000\r\n        },\r\n\t    {\r\n            \r\n            \"line\" : \"93\",\r\n            \"draftFlowRatem3hr\" : 4250\r\n        },\r\n\r\n\t\r\n\t    {\r\n            \r\n            \"line\" : \"14\",\r\n            \"draftFlowRatem3hr\" : 1360\r\n        },\r\n        {\r\n            \r\n            \"line\" : \"14\",\r\n            \"draftFlowRatem3hr\" : 2200 \r\n        },\r\n        {\r\n            \r\n            \"line\" : \"14\",\r\n            \"draftFlowRatem3hr\" : 2400\r\n        },\r\n        {\r\n            \r\n            \"line\" : \"14\",\r\n            \"draftFlowRatem3hr\" : 2530\r\n\r\n        },\r\n        {\r\n            \r\n            \"line\" : \"14\",\r\n            \"draftFlowRatem3hr\" : 1750\r\n        },\r\n\t    {\r\n            \r\n            \"line\" : \"14\",\r\n            \"draftFlowRatem3hr\" : 2580\r\n        },\r\n        {\r\n            \r\n            \"line\" : \"14\",\r\n            \"draftFlowRatem3hr\" : 2620\r\n\r\n        },\r\n        {\r\n            \r\n            \"line\" : \"14\",\r\n            \"draftFlowRatem3hr\" : 1950\r\n        },\r\n\r\n\r\n\t    {\r\n            \r\n            \"line\" : \"6A\",\r\n            \"draftFlowRatem3hr\" : 3000\r\n        },\r\n        {\r\n            \r\n            \"line\" : \"6A\",\r\n            \"draftFlowRatem3hr\" : 3150\r\n        },\r\n        {\r\n            \r\n            \"line\" : \"6A\",\r\n            \"draftFlowRatem3hr\" : 4250\r\n        },\r\n        {\r\n            \r\n            \"line\" : \"6A\",\r\n            \"draftFlowRatem3hr\" : 4550\r\n\r\n        },\r\n        {\r\n            \r\n            \"line\" : \"6A\",\r\n            \"draftFlowRatem3hr\" : 3900\r\n        },\r\n\r\n\t    {\r\n            \r\n            \"line\" : \"6A\",\r\n            \"draftFlowRatem3hr\" : 3300\r\n        },\r\n        {\r\n            \r\n            \"line\" : \"6A\",\r\n            \"draftFlowRatem3hr\" : 4400\r\n        },\r\n        {\r\n            \r\n            \"line\" : \"6A\",\r\n            \"draftFlowRatem3hr\" : 3200\r\n\r\n        },\r\n        {\r\n            \r\n            \"line\" : \"6A\",\r\n            \"draftFlowRatem3hr\" : 3700\r\n        },\r\n\r\n\r\n\t    {\r\n            \r\n            \"line\" : \"5\",\r\n            \"draftFlowRatem3hr\" : 3800\r\n        },\r\n        {\r\n            \r\n            \"line\" : \"5\",\r\n            \"draftFlowRatem3hr\" : 3550\r\n        },\r\n        {\r\n            \r\n            \"line\" : \"5\",\r\n            \"draftFlowRatem3hr\" : 2600\r\n        },\r\n        {\r\n            \r\n            \"line\" : \"5\",\r\n            \"draftFlowRatem3hr\" : 3250\r\n\r\n        },\r\n        {\r\n            \r\n            \"line\" : \"5\",\r\n            \"draftFlowRatem3hr\" : 2950\r\n        },\r\n\t    {\r\n            \r\n            \"line\" : \"5\",\r\n            \"draftFlowRatem3hr\" : 2350\r\n        },\r\n        {\r\n            \r\n            \"line\" : \"5\",\r\n            \"draftFlowRatem3hr\" : 3450\r\n        },\r\n        {\r\n            \r\n            \"line\" : \"5\",\r\n            \"draftFlowRatem3hr\" : 2800\r\n        },\r\n        {\r\n            \r\n            \"line\" : \"5\",\r\n            \"draftFlowRatem3hr\" : 2000\r\n        },\r\n\r\n\t    {\r\n            \r\n            \"line\" : \"61\",\r\n            \"draftFlowRatem3hr\" : 8300\r\n        },\r\n        {\r\n            \r\n            \"line\" : \"61\",\r\n            \"draftFlowRatem3hr\" : 8600\r\n        },\r\n        {\r\n            \r\n            \"line\" : \"61\",\r\n            \"draftFlowRatem3hr\" : 7000\r\n        },\r\n        {\r\n            \r\n            \"line\" : \"61\",\r\n            \"draftFlowRatem3hr\" : 6400\r\n\r\n        },\r\n        {\r\n            \r\n            \"line\" : \"61\",\r\n            \"draftFlowRatem3hr\" : 6850\r\n        },\r\n\t    {\r\n            \r\n            \"line\" : \"61\",\r\n            \"draftFlowRatem3hr\" : 5700\r\n        },\r\n        {\r\n            \r\n            \"line\" : \"61\",\r\n            \"draftFlowRatem3hr\" : 9009\r\n        },\r\n        {\r\n            \r\n            \"line\" : \"61\",\r\n            \"draftFlowRatem3hr\" : 7900\r\n        },\r\n        {\r\n            \r\n            \"line\" : \"61\",\r\n            \"draftFlowRatem3hr\" : 8100\r\n        },\r\n        {\r\n            \r\n            \"line\" : \"61\",\r\n            \"draftFlowRatem3hr\" : 7600\r\n        },\r\n\t    {\r\n            \r\n            \"line\" : \"61\",\r\n            \"draftFlowRatem3hr\" : 4800\r\n        },\r\n        {\r\n            \r\n            \"line\" : \"61\",\r\n            \"draftFlowRatem3hr\" : 4200\r\n        },\r\n        {\r\n            \r\n            \"line\" : \"61\",\r\n            \"draftFlowRatem3hr\" : 6600\r\n        },\r\n        {\r\n            \r\n            \"line\" : \"61\",\r\n            \"draftFlowRatem3hr\" : 6000\r\n\r\n        },\r\n        {\r\n            \r\n            \"line\" : \"61\",\r\n            \"draftFlowRatem3hr\" : 5200\r\n        },\r\n\t    {\r\n            \r\n            \"line\" : \"61\",\r\n            \"draftFlowRatem3hr\" : 8830\r\n        },\r\n        {\r\n            \r\n            \"line\" : \"61\",\r\n            \"draftFlowRatem3hr\" : 3900\r\n        },\r\n        {\r\n            \r\n            \"line\" : \"61\",\r\n            \"draftFlowRatem3hr\" : 7200\r\n        },\r\n        {\r\n            \r\n            \"line\" : \"61\",\r\n            \"draftFlowRatem3hr\" : 7400\r\n        },\r\n        {\r\n            \r\n            \"line\" : \"61\",\r\n            \"draftFlowRatem3hr\" : 3650\r\n        },\r\n        {\r\n            \r\n            \"line\" : \"61\",\r\n            \"draftFlowRatem3hr\" : 8500\r\n        }\r\n\r\n    ]\r\n}\r\n",
									"options": {
										"raw": {
											"language": "json"
										}
									}
								},
								"url": {
									"raw": "https://app-bolt-dev-cac.azurewebsites.net/api/FlowRates/Update-Draft",
									"protocol": "https",
									"host": [
										"app-bolt-dev-cac",
										"azurewebsites",
										"net"
									],
									"path": [
										"api",
										"FlowRates",
										"Update-Draft"
									]
								}
							},
							"response": []
						},
						{
							"name": "Publish",
							"request": {
								"method": "POST",
								"header": [
									{
										"key": "x-username",
										"value": "nidhi",
										"type": "text"
									},
									{
										"key": "x-userid",
										"value": "kumarin4",
										"type": "text"
									},
									{
										"key": "x-userguid",
										"value": "0AB9DC5B-423C-4DA8-A0AD-D4688761332D",
										"type": "text"
									}
								],
								"url": {
									"raw": "https://app-bolt-dev-cac.azurewebsites.net/api/FlowRates/publish",
									"protocol": "https",
									"host": [
										"app-bolt-dev-cac",
										"azurewebsites",
										"net"
									],
									"path": [
										"api",
										"FlowRates",
										"publish"
									]
								}
							},
							"response": []
						},
						{
							"name": "History-Details",
							"request": {
								"method": "GET",
								"header": [
									{
										"key": "x-username",
										"value": "nidhi",
										"type": "text"
									},
									{
										"key": "x-userid",
										"value": "kumarin4",
										"type": "text"
									},
									{
										"key": "x-userguid",
										"value": "0AB9DC5B-423C-4DA8-A0AD-D4688761332D",
										"type": "text"
									}
								],
								"url": {
									"raw": "https://app-bolt-dev-cac.azurewebsites.net/api/FlowRates/history-detail/1328",
									"protocol": "https",
									"host": [
										"app-bolt-dev-cac",
										"azurewebsites",
										"net"
									],
									"path": [
										"api",
										"FlowRates",
										"history-detail",
										"1328"
									]
								}
							},
							"response": []
						},
						{
							"name": "History-Summery",
							"request": {
								"method": "GET",
								"header": [
									{
										"key": "x-username",
										"value": "nidhi",
										"type": "text"
									},
									{
										"key": "x-userid",
										"value": "kumarin4",
										"type": "text"
									},
									{
										"key": "x-userguid",
										"value": "0AB9DC5B-423C-4DA8-A0AD-D4688761332D",
										"type": "text"
									}
								],
								"url": {
									"raw": "https://app-bolt-dev-cac.azurewebsites.net/api/FlowRates/history-summary/1",
									"protocol": "https",
									"host": [
										"app-bolt-dev-cac",
										"azurewebsites",
										"net"
									],
									"path": [
										"api",
										"FlowRates",
										"history-summary",
										"1"
									]
								}
							},
							"response": []
						}
					]
				}
			]
		},
		{
			"name": "PowerCurve",
			"item": []
		},
		{
			"name": "Comment",
			"item": [
				{
					"name": "Local",
					"item": []
				},
				{
					"name": "Live",
					"item": [
						{
							"name": "Add Comment",
							"request": {
								"method": "POST",
								"header": [
									{
										"key": "x-username",
										"value": "nidhi",
										"type": "text"
									},
									{
										"key": "x-userid",
										"value": "kumarin4",
										"type": "text"
									},
									{
										"key": "x-userguid",
										"value": "0AB9DC5B-423C-4DA8-A0AD-D4688761332D",
										"type": "text"
									}
								],
								"body": {
									"mode": "raw",
									"raw": "{\r\n  \"ref\": \"PowerCurve\",\r\n  \"refId\": 1,\r\n  \"comment\": \"Testing\"\r\n}",
									"options": {
										"raw": {
											"language": "json"
										}
									}
								},
								"url": {
									"raw": "https://app-bolt-dev-cac.azurewebsites.net/api/comments/add",
									"protocol": "https",
									"host": [
										"app-bolt-dev-cac",
										"azurewebsites",
										"net"
									],
									"path": [
										"api",
										"comments",
										"add"
									]
								}
							},
							"response": []
						},
						{
							"name": "Get Comment",
							"request": {
								"method": "GET",
								"header": [
									{
										"key": "x-username",
										"value": "nidhi",
										"type": "text"
									},
									{
										"key": "x-userid",
										"value": "kumarin4",
										"type": "text"
									},
									{
										"key": "x-userguid",
										"value": "0AB9DC5B-423C-4DA8-A0AD-D4688761332D",
										"type": "text"
									}
								],
								"url": {
									"raw": "https://app-bolt-dev-cac.azurewebsites.net/api/comments/PowerCurve/431",
									"protocol": "https",
									"host": [
										"app-bolt-dev-cac",
										"azurewebsites",
										"net"
									],
									"path": [
										"api",
										"comments",
										"PowerCurve",
										"431"
									]
								}
							},
							"response": []
						}
					]
				}
			]
		}
	]
}