
{
   
    "data" : [
	
	 {
            
            "line" : "1",
            "draftFlowRatem3hr" : 800
        },
        {
            
            "line" : "1",
            "draftFlowRatem3hr" : 600
        },
        {
            
            "line" : "1",
            "draftFlowRatem3hr" : 1000
        },
        {
            
            "line" : "1",
            "draftFlowRatem3hr" : 1200
        },
        {
            
            "line" : "1",
            "draftFlowRatem3hr" : 1350
        },


        {
            
            "line" : "2A",
            "draftFlowRatem3hr" : 2500
        },
        {
            
            "line" : "2A",
            "draftFlowRatem3hr" : 2350
        },
        {
            
            "line" : "2A",
            "draftFlowRatem3hr" : 1900
        },
        {
            
            "line" : "2A",
            "draftFlowRatem3hr" : 1500
        },
        {
            
            "line" : "2A",
            "draftFlowRatem3hr" : 2900
        },
	{
            
            "line" : "2A",
            "draftFlowRatem3hr" : 2100
        },
        {
            
            "line" : "2A",
            "draftFlowRatem3hr" : 2200
        },
	{
            
            "line" : "2A",
            "draftFlowRatem3hr" : 2700
        },

	
	{
            
            "line" : "2B",
            "draftFlowRatem3hr" : 2200
        },
        {
            
            "line" : "2B",
            "draftFlowRatem3hr" : 2500 
        },
        {
            
            "line" : "2B",
            "draftFlowRatem3hr" : 1900
        },
        {
            
            "line" : "2B",
            "draftFlowRatem3hr" : 2900

        },
        {
            
            "line" : "2B",
            "draftFlowRatem3hr" : 1500
        },
       {
            
            "line" : "2B",
            "draftFlowRatem3hr" : 2350
        },
        {
            
            "line" : "2B",
            "draftFlowRatem3hr" : 2100

        },
        {
            
            "line" : "2B",
            "draftFlowRatem3hr" : 3000
        },
	{
            
            "line" : "2B",
            "draftFlowRatem3hr" : 2750
        },


	{
            
            "line" : "4",
            "draftFlowRatem3hr" : 5350
        },
        {
            
            "line" : "4",
            "draftFlowRatem3hr" : 3800 
        },
        {
            
            "line" : "4",
            "draftFlowRatem3hr" : 5500
        },
        {
            
            "line" : "4",
            "draftFlowRatem3hr" : 5850

        },
        {
            
            "line" : "4",
            "draftFlowRatem3hr" : 4450
        },
	{
            
            "line" : "4",
            "draftFlowRatem3hr" : 4750 
        },
        {
            
            "line" : "4",
            "draftFlowRatem3hr" : 5670
        },
        {
            
            "line" : "4",
            "draftFlowRatem3hr" : 3600

        },
        {
            
            "line" : "4",
            "draftFlowRatem3hr" : 5150
        },

	
        {
            
            "line" : "65",
            "draftFlowRatem3hr" : 750 
        },
        {
            
            "line" : "65",
            "draftFlowRatem3hr" : 1370
        },
        {
            
            "line" : "65",
            "draftFlowRatem3hr" : 1000

        },
        {
            
            "line" : "65",
            "draftFlowRatem3hr" : 1200
        },


	{
            
            "line" : "67",
            "draftFlowRatem3hr" : 4200
        },
        {
            
            "line" : "67",
            "draftFlowRatem3hr" : 5100
        },
        {
            
            "line" : "67",
            "draftFlowRatem3hr" : 4500
        },
        {
            
            "line" : "67",
            "draftFlowRatem3hr" : 5950

        },
        {
            
            "line" : "67",
            "draftFlowRatem3hr" : 3750
        },
	{
            
            "line" : "67",
            "draftFlowRatem3hr" : 2980
        },
        {
            
            "line" : "67",
            "draftFlowRatem3hr" : 3300
        },
        {
            
            "line" : "67",
            "draftFlowRatem3hr" : 5200
        },
        {
            
            "line" : "67",
            "draftFlowRatem3hr" : 5500

        },
        {
            
            "line" : "67",
            "draftFlowRatem3hr" : 3100
        },
	{
            
            "line" : "67",
            "draftFlowRatem3hr" : 5400
        },
        {
            
            "line" : "67",
            "draftFlowRatem3hr" : 5750
        },
        {
            
            "line" : "67",
            "draftFlowRatem3hr" : 5890
        },
        {
            
            "line" : "67",
            "draftFlowRatem3hr" : 4950

        },
        {
            
            "line" : "67",
            "draftFlowRatem3hr" : 4800
        },
	{
            
            "line" : "67",
            "draftFlowRatem3hr" : 4000
        },
        {
            
            "line" : "67",
            "draftFlowRatem3hr" : 5300

        },
        {
            
            "line" : "67",
            "draftFlowRatem3hr" : 5600
        },
	{
            
            "line" : "67",
            "draftFlowRatem3hr" : 5350
        },
	{
            
            "line" : "67",
            "draftFlowRatem3hr" : 5650
        },
	{
            
            "line" : "67",
            "draftFlowRatem3hr" : 3650
        },
	{
            
            "line" : "67",
            "draftFlowRatem3hr" : 1770
        },
	{
            
            "line" : "67",
            "draftFlowRatem3hr" : 2650
        },
	{
            
            "line" : "67",
            "draftFlowRatem3hr" : 2350
        },
	{
            
            "line" : "67",
            "draftFlowRatem3hr" : 3350
        },
	{
            
            "line" : "67",
            "draftFlowRatem3hr" : 4350
        },


	{
            
            "line" : "93",
            "draftFlowRatem3hr" : 5150
        },
        {
            
            "line" : "93",
            "draftFlowRatem3hr" :  4750
        },
        {
            
            "line" : "93",
            "draftFlowRatem3hr" : 2980
        },
        {
            
            "line" : "93",
            "draftFlowRatem3hr" : 5450

        },
        {
            
            "line" : "93",
            "draftFlowRatem3hr" : 4500
        },
	{
            
            "line" : "93",
            "draftFlowRatem3hr" : 3400
        },
        {
            
            "line" : "93",
            "draftFlowRatem3hr" : 5000 
        },
        {
            
            "line" : "93",
            "draftFlowRatem3hr" : 5600
        },
        {
            
            "line" : "93",
            "draftFlowRatem3hr" : 5300

        },
        {
            
            "line" : "93",
            "draftFlowRatem3hr" : 4000
        },
	{
            
            "line" : "93",
            "draftFlowRatem3hr" : 4250
        },

	
	{
            
            "line" : "14",
            "draftFlowRatem3hr" : 1360
        },
        {
            
            "line" : "14",
            "draftFlowRatem3hr" : 2200 
        },
        {
            
            "line" : "14",
            "draftFlowRatem3hr" : 2400
        },
        {
            
            "line" : "14",
            "draftFlowRatem3hr" : 2530

        },
        {
            
            "line" : "14",
            "draftFlowRatem3hr" : 1750
        },
	 {
            
            "line" : "14",
            "draftFlowRatem3hr" : 2580
        },
        {
            
            "line" : "14",
            "draftFlowRatem3hr" : 2620

        },
        {
            
            "line" : "14",
            "draftFlowRatem3hr" : 1950
        },


	{
            
            "line" : "6A",
            "draftFlowRatem3hr" : 3000
        },
        {
            
            "line" : "6A",
            "draftFlowRatem3hr" : 3150
        },
        {
            
            "line" : "6A",
            "draftFlowRatem3hr" : 4250
        },
        {
            
            "line" : "6A",
            "draftFlowRatem3hr" : 4550

        },
        {
            
            "line" : "6A",
            "draftFlowRatem3hr" : 3900
        },

	{
            
            "line" : "6A",
            "draftFlowRatem3hr" : 3300
        },
        {
            
            "line" : "6A",
            "draftFlowRatem3hr" : 4400
        },
        {
            
            "line" : "6A",
            "draftFlowRatem3hr" : 3200

        },
        {
            
            "line" : "6A",
            "draftFlowRatem3hr" : 3700
        },


	{
            
            "line" : "5",
            "draftFlowRatem3hr" : 3800
        },
        {
            
            "line" : "5",
            "draftFlowRatem3hr" : 3550
        },
        {
            
            "line" : "5",
            "draftFlowRatem3hr" : 2600
        },
        {
            
            "line" : "5",
            "draftFlowRatem3hr" : 3250

        },
        {
            
            "line" : "5",
            "draftFlowRatem3hr" : 2950
        },
	{
            
            "line" : "5",
            "draftFlowRatem3hr" : 2350
        },
        {
            
            "line" : "5",
            "draftFlowRatem3hr" : 3450
        },
        {
            
            "line" : "5",
            "draftFlowRatem3hr" : 2800
        },
        {
            
            "line" : "5",
            "draftFlowRatem3hr" : 2000
        },

	{
            
            "line" : "61",
            "draftFlowRatem3hr" : 8300
        },
        {
            
            "line" : "61",
            "draftFlowRatem3hr" : 8600
        },
        {
            
            "line" : "61",
            "draftFlowRatem3hr" : 7000
        },
        {
            
            "line" : "61",
            "draftFlowRatem3hr" : 6400

        },
        {
            
            "line" : "61",
            "draftFlowRatem3hr" : 6850
        },
	{
            
            "line" : "61",
            "draftFlowRatem3hr" : 5700
        },
        {
            
            "line" : "61",
            "draftFlowRatem3hr" : 9009
        },
        {
            
            "line" : "61",
            "draftFlowRatem3hr" : 7900
        },
        {
            
            "line" : "61",
            "draftFlowRatem3hr" : 8100
        },
        {
            
            "line" : "61",
            "draftFlowRatem3hr" : 7600
        },
	{
            
            "line" : "61",
            "draftFlowRatem3hr" : 4800
        },
        {
            
            "line" : "61",
            "draftFlowRatem3hr" : 4200
        },
        {
            
            "line" : "61",
            "draftFlowRatem3hr" : 6600
        },
        {
            
            "line" : "61",
            "draftFlowRatem3hr" : 6000

        },
        {
            
            "line" : "61",
            "draftFlowRatem3hr" : 5200
        },
	{
            
            "line" : "61",
            "draftFlowRatem3hr" : 8830
        },
        {
            
            "line" : "61",
            "draftFlowRatem3hr" : 3900
        },
        {
            
            "line" : "61",
            "draftFlowRatem3hr" : 7200
        },
        {
            
            "line" : "61",
            "draftFlowRatem3hr" : 7400
        },
        {
            
            "line" : "61",
            "draftFlowRatem3hr" : 3650
        },
        {
            
            "line" : "61",
            "draftFlowRatem3hr" : 8500
        }

    ]
}
