{
	"id": "021d6eed-fa1c-4113-8f09-8304fafde119",
	"issuedForDate": "2024-10-01T06:00:00+00:00",
	"publishDate": "2024-10-02T14:41:06.2837712-07:00",
	"lineRows": [
		{
			"id": "180ddfa2-b8e0-4f8d-bbb3-242d6d281689",
			"lineId": "bd3d377a-0175-4076-8d49-ede9bae2a161",
			"unitOfMeasure": "M3/HR",
			"lineInformation": "Line 6A",
			"rates": [
				3000,
				3150,
				4250,
				4550,
				3950,
				3300,
				4400,
				3200,
				3700
			]
		},
		{
			"id": "13b4c15f-396f-4181-ae30-79876e09defe",
			"lineId": "3218aedf-9193-41b4-9c5e-304cefeb6f5c",
			"unitOfMeasure": "M3/HR",
			"lineInformation": "Line 5",
			"rates": [
				3800,
				3550,
				2600,
				3250,
				2950,
				2350,
				3450,
				2800,
				2000
			]
		},
		{
			"id": "ed347b5b-ea13-4c51-a1a5-dd09a3b8c3df",
			"lineId": "c7b38d84-6088-42e8-b280-9bcc6610482b",
			"unitOfMeasure": "M3/HR",
			"lineInformation": "Line 65",
			"rates": [
				750,
				1000,
				1370,
				1200
			]
		},
		{
			"id": "f03dd38a-8d3a-4a56-a8d8-493fef05605d",
			"lineId": "3ca98384-c80e-48b2-9ab9-182d22a9403d",
			"unitOfMeasure": "BBLS/HR",
			"lineInformation": "Line 63",
			"rates": [
				12000,
				10000,
				10630,
				13900,
				7500
			]
		},
		{
			"id": "31ae12cf-c417-45d4-aa4c-9e139ceff7af",
			"lineId": "1142c984-cb98-41c1-87b8-9f0d25143698",
			"unitOfMeasure": "M3/HR",
			"lineInformation": "Line 76",
			"rates": [
				95
			]
		},
		{
			"id": "9af02076-abdc-42a2-af4f-c6a8c5a1aa1a",
			"lineId": "59332d47-8563-4357-9bb0-848e7b1d01de",
			"unitOfMeasure": "M3/HR",
			"lineInformation": "Line 10",
			"rates": [
				425,
				525,
				490,
				440,
				375
			]
		},
		{
			"id": "7f38926c-c3e9-4ef8-9fb7-89b798990a21",
			"lineId": "8e3b56de-3bb3-4249-94ef-5e9b9a47c62d",
			"unitOfMeasure": "M3/HR",
			"lineInformation": "Line 4",
			"rates": [
				5350,
				3800,
				5500,
				5850,
				4450,
				4750,
				5670,
				3600,
				5150
			]
		},
		{
			"id": "4a5d182b-7827-4623-9a20-44148dade870",
			"lineId": "1faf8fdd-335b-4ede-8aaf-f7dee0853912",
			"unitOfMeasure": "M3/HR",
			"lineInformation": "Line 45",
			"rates": [
				3800,
				4000,
				3400,
				3200,
				5890,
				3000,
				3600,
				5000
			]
		},
		{
			"id": "e5efb84f-e3e2-46c0-b75d-5e559fcf7b84",
			"lineId": "4178de05-9620-4246-b363-57ddd7668c56",
			"unitOfMeasure": "M3/HR",
			"lineInformation": "EP-YP",
			"rates": [
				1900,
				1700,
				2750,
				2870,
				2000,
				2560,
				2400,
				1500
			]
		},
		{
			"id": "756f49d0-f83c-452a-9305-477a8a2d60ff",
			"lineId": "7ee204c0-0c70-40a0-b459-9b3f61286529",
			"unitOfMeasure": "M3/HR",
			"lineInformation": "Line 62",
			"rates": [
				900,
				762,
				1220,
				960,
				1100
			]
		},
		{
			"id": "5a735a17-bb78-4287-b4ac-72492509ac2d",
			"lineId": "66b5b779-4f4c-4a02-8374-a30bc3c95279",
			"unitOfMeasure": "M3/HR",
			"lineInformation": "Line 41A \nCPT - GRN",
			"rates": [
				1050,
				800,
				900
			]
		},
		{
			"id": "e6355cf6-7354-493e-8af8-ed9883a0f794",
			"lineId": "a9829c3b-b193-4ed4-a875-ea94c4ecdadd",
			"unitOfMeasure": "BBLS/HR",
			"lineInformation": "Line 59",
			"rates": [
				20500,
				23000,
				29700,
				30160,
				16500,
				17500,
				14000,
				25500,
				28000,
				30583,
				27000,
				12070,
				29000
			]
		},
		{
			"id": "34a158cf-0301-4849-9db1-b30b74e3a58c",
			"lineId": "43939348-0767-4ccd-b114-f06b8ca1ce01",
			"unitOfMeasure": "M3/HR",
			"lineInformation": "Line 2A EP-CM\n(100% lights)",
			"rates": [
				2500,
				2350,
				1900,
				1500,
				2900,
				2100,
				2200
			]
		},
		{
			"id": "3158c468-b4fe-4c6c-a2a0-6ba5c4309894",
			"lineId": "38b11833-289c-43bd-abfe-ad41569d5453",
			"unitOfMeasure": "M3/HR",
			"lineInformation": "Line 7",
			"rates": [
				1250,
				1100,
				725,
				825,
				925,
				1200
			]
		},
		{
			"id": "dc12c8a5-de6d-4f40-a09e-22b909042004",
			"lineId": "f3ec06ba-b204-478f-aaf2-97fdf82d6ba3",
			"unitOfMeasure": "M3/HR",
			"lineInformation": "Line 1 ",
			"rates": [
				800,
				600,
				1000,
				1200,
				1350
			]
		},
		{
			"id": "bc9f5c19-bb8c-4b5b-be99-65d5ceb03919",
			"lineId": "0169463b-66e8-48b0-b014-ef4bb6d3c368",
			"unitOfMeasure": "M3/HR",
			"lineInformation": "Line 67",
			"rates": [
				4200,
				5100,
				4500,
				5950,
				3750,
				2980,
				3300,
				5200,
				5500,
				3100,
				5400,
				5750,
				5890,
				4950,
				4800,
				4000,
				5300,
				5600
			]
		},
		{
			"id": "2abbfbd0-e769-42c6-b169-3eb36b58b071",
			"lineId": "892eb472-ddb7-4613-b779-60d31d6892e3",
			"unitOfMeasure": "BBLS/HR",
			"lineInformation": "CRAN-CJCT",
			"rates": [
				37500,
				25000,
				35000,
				41500,
				32500,
				20000,
				30000,
				16400,
				40000
			]
		},
		{
			"id": "faf15fe3-f418-4c4e-adc4-c43632419571",
			"lineId": "900d1ff0-bb61-4c42-9a81-6cb2d5c1aaf9",
			"unitOfMeasure": "M3/HR",
			"lineInformation": "Line 93 \n",
			"rates": [
				5150,
				4750,
				2980,
				5450,
				4500,
				3400,
				5000,
				5600,
				5300,
				4000,
				4250
			]
		},
		{
			"id": "22735eb6-61aa-4c30-bf55-5ac9174762b4",
			"lineId": "c4a20c6d-6ccc-440d-95c6-4d1aa52cb346",
			"unitOfMeasure": "BBLS/HR",
			"lineInformation": "",
			"rates": [
				8000,
				7500,
				7000,
				9000,
				6000,
				4800,
				9300,
				9600,
				8500
			]
		},
		{
			"id": "ca89885f-37f7-44a9-a4aa-a0cf9a544308",
			"lineId": "778a750f-6ef4-4d3b-abc1-d8e650357155",
			"unitOfMeasure": "M3/HR",
			"lineInformation": "Line 9",
			"rates": [
				1400,
				1920,
				1190,
				1600,
				1250
			]
		},
		{
			"id": "12786939-e13a-4ac7-9133-fe67fdf5caeb",
			"lineId": "aa09f288-5341-4f56-94f7-4a24d75071dd",
			"unitOfMeasure": "M3/HR",
			"lineInformation": "Line 14",
			"rates": [
				1360,
				2200,
				2400,
				2530,
				1750,
				2580,
				2620,
				1950
			]
		},
		{
			"id": "84493e72-9209-4326-9bee-70ecdda41091",
			"lineId": "144f4176-9c5d-40d4-a052-1e5a1367012e",
			"unitOfMeasure": "M3/HR",
			"lineInformation": "Line 78A FN - SK",
			"rates": [
				4200,
				2600,
				2800,
				3200,
				3800,
				1900,
				2200,
				3600,
				3400,
				3000,
				3980,
				2400
			]
		},
		{
			"id": "597b82ac-353c-4e0b-b3ad-a96070f622ca",
			"lineId": "43939348-0767-4ccd-b114-f06b8ca1ce01",
			"unitOfMeasure": "M3/HR",
			"lineInformation": "Line 2A EP-CM\n(OCC & OSH / SW)",
			"rates": [
				1500,
				2500,
				2100,
				1900,
				2350,
				2200
			]
		},
		{
			"id": "c4c80ccf-f150-4b2e-9e61-763891582fd8",
			"lineId": "6ee4559b-b733-4a5b-82d2-e1af938da794",
			"unitOfMeasure": "BBLS/HR",
			"lineInformation": "WHIT-CJCT",
			"rates": [
				500,
				1000
			]
		},
		{
			"id": "f9842d16-5f1d-47d3-bacc-b9ca58d53702",
			"lineId": "13d4e303-b203-4d33-bf78-c97b38883673",
			"unitOfMeasure": "BBLS/HR",
			"lineInformation": "Line 55: FN-CU",
			"rates": [
				8700,
				6900,
				8520,
				7600,
				8250,
				7400,
				8650,
				5500,
				8490,
				6500,
				8000
			]
		},
		{
			"id": "e7455b11-3ab5-470f-b4c2-f7723128335a",
			"lineId": "35f21a4b-dd81-4ec5-8224-ef0f8b991240",
			"unitOfMeasure": "M3/HR",
			"lineInformation": "Line 2B CM-PW",
			"rates": [
				2200,
				2500,
				1900,
				2900,
				1500,
				2350,
				2100,
				3000
			]
		},
		{
			"id": "7e541dac-321c-49d6-a603-351a18533603",
			"lineId": "e54a0008-d046-418a-9bab-bdaea24b56bc",
			"unitOfMeasure": "M3/HR",
			"lineInformation": "Line 40A \nHRT - BFL",
			"rates": [
				1650,
				2000,
				1800,
				2070,
				1400,
				2160,
				1250
			]
		},
		{
			"id": "7b1ea22b-bdb9-46cb-85dd-dfd16be30d73",
			"lineId": "43939348-0767-4ccd-b114-f06b8ca1ce01",
			"unitOfMeasure": "M3/HR",
			"lineInformation": "Line 2A EP-CM\n(OCC & WCS)",
			"rates": [
				2100,
				2200,
				1500,
				1900
			]
		},
		{
			"id": "4caa478d-4b5d-4109-bb66-2e5cfaaa9499",
			"lineId": "777ab5dd-134d-471e-b77e-95641d90f42a",
			"unitOfMeasure": "BBLS/HR",
			"lineInformation": "CJCT-SJCT",
			"rates": [
				16000,
				12000,
				8000,
				14000,
				10000,
				6000
			]
		},
		{
			"id": "c7834c13-9aa1-40cb-976e-753df6201cd4",
			"lineId": "a71412c2-5e92-4a65-a6ed-6cb6fecb681f",
			"unitOfMeasure": "M3/HR",
			"lineInformation": "Line 61",
			"rates": [
				8300,
				8600,
				7000,
				6400,
				6850,
				5700,
				9009,
				7900,
				8100,
				7600,
				4800,
				4200,
				6600,
				6000,
				5200,
				8830,
				3900,
				7200,
				7400,
				3650,
				8500
			]
		},
		{
			"id": "2f7fe80f-c5e7-4307-8947-c42fe65df60d",
			"lineId": "96f5147f-acef-4df0-915a-2ab0be8cb377",
			"unitOfMeasure": "M3/HR",
			"lineInformation": "Line 11",
			"rates": [
				920,
				800,
				650,
				860,
				880,
				600,
				775
			]
		},
		{
			"id": "5d93e7f0-3435-44ae-a42a-e54cd9cb15a0",
			"lineId": "2dccdd1d-8615-4cff-aaf4-8116ccc4d238",
			"unitOfMeasure": "M3/HR",
			"lineInformation": "Line 18 / 75",
			"rates": [
				1325,
				3500,
				3000,
				2300,
				1400,
				2800,
				3900,
				3700,
				2000
			]
		},
		{
			"id": "be35a7e5-5526-41dc-abbc-40b5f00e753e",
			"lineId": "b724b33b-859d-4196-8b2b-f8f50530901e",
			"unitOfMeasure": "M3/HR",
			"lineInformation": "Line 19",
			"rates": [
				1600,
				1800,
				3000,
				2000,
				2500,
				3100
			]
		},
		{
			"id": "42a69dc2-c106-45ef-be3b-dd6b1b49df21",
			"lineId": "6aa44bab-eca0-4cdf-8379-f1daf7566f44",
			"unitOfMeasure": "M3/HR",
			"lineInformation": "Line 13",
			"rates": [
				800,
				825,
				1280,
				1200,
				1300,
				1000
			]
		},
		{
			"id": "d2d4f737-b9fa-4263-8aef-883c3529a483",
			"lineId": "144f4176-9c5d-40d4-a052-1e5a1367012e",
			"unitOfMeasure": "M3/HR",
			"lineInformation": "Line 78B SK - RW",
			"rates": [
				3200,
				2400,
				3400,
				2000,
				3500,
				2600,
				2800,
				3000,
				2200,
				1900
			]
		},
		{
			"id": "9de13e17-e335-48af-b1b1-14c97f11c230",
			"lineId": "55715173-81b0-4cb3-9961-f86652334d35",
			"unitOfMeasure": "BBLS/HR",
			"lineInformation": "WINK-CRAN",
			"rates": [
				16000,
				12000,
				10000,
				9000,
				4500,
				14000
			]
		},
		{
			"id": "c83e2880-3f66-420d-a51a-7a0d6f95c58a",
			"lineId": "85b46390-643b-44d7-8286-019780b99497",
			"unitOfMeasure": "M3/HR",
			"lineInformation": "Line 74 (FX or EE delivery points) ",
			"rates": [
				1600,
				400,
				1200
			]
		},
		{
			"id": "dcb3842e-f94e-4944-af52-e2bad5b61055",
			"lineId": "3b3de167-12f9-4ab1-ad7d-5a14496ffc8b",
			"unitOfMeasure": "BBLS/HR",
			"lineInformation": "CJCT-INGL",
			"rates": [
				25000,
				20000,
				30000,
				16400,
				35000,
				40000,
				37500,
				32500,
				41500
			]
		},
		{
			"id": "9dd05165-e979-45e4-82d0-7c18add25517",
			"lineId": "d1517ac2-c885-4d3a-a81e-f612e8e248f4",
			"unitOfMeasure": "BBLS/HR",
			"lineInformation": "SJST-SWRM",
			"rates": [
				5400,
				4000,
				5000
			]
		},
		{
			"id": "83d9b4bc-0ded-41f7-9b5b-7b2d2afba73d",
			"lineId": "22e353d4-5410-4d29-9b4c-79b4c125a46d",
			"unitOfMeasure": "M3/HR",
			"lineInformation": "Line 79",
			"rates": [
				590,
				525,
				560,
				400
			]
		},
		{
			"id": "aaa1eebe-e66b-4041-ad8b-9b20e887b698",
			"lineId": "ca724e8d-6898-4261-becc-fcb6a8f1b4b3",
			"unitOfMeasure": "M3/HR",
			"lineInformation": "Line 17",
			"rates": [
				640,
				500,
				680,
				350,
				600
			]
		},
		{
			"id": "d06b09a0-2fc7-4418-a2a7-5329e34d9544",
			"lineId": "13d4e303-b203-4d33-bf78-c97b38883673",
			"unitOfMeasure": "BBLS/HR",
			"lineInformation": "Line 55: KY-CU",
			"rates": [
				6500,
				8520,
				8000,
				8650,
				8250,
				7600,
				6900,
				7400,
				8490,
				8700,
				5500
			]
		},
		{
			"id": "014fa294-7576-4ec4-b064-49183b3a811c",
			"lineId": "d12621c1-8ede-4177-b573-a62e354a614d",
			"unitOfMeasure": "M3/HR",
			"lineInformation": "YP-QU",
			"rates": [
				2000,
				1450,
				1315,
				1700,
				1900
			]
		},
		{
			"id": "32b1b37d-1781-40ac-87c4-5c20c07dcd64",
			"lineId": "0fca684e-58c8-4170-a4a8-84a99a77a8bc",
			"unitOfMeasure": "M3/HR",
			"lineInformation": "AK-EE",
			"rates": [
				900,
				659,
				860
			]
		},
		{
			"id": "1259c7f7-9d57-4c86-95f3-9ff7937a344e",
			"lineId": "23ae2832-69e1-4d14-9102-f49a5b3c64de",
			"unitOfMeasure": "M3/HR",
			"lineInformation": "Line 49 / 70",
			"rates": [
				2000,
				2300,
				2790,
				1500,
				1400,
				2860,
				1200,
				3780,
				2600
			]
		},
		{
			"id": "9b59f257-af7d-405b-9b17-2d028b845fc5",
			"lineId": "a173ce60-a0a6-4214-a1b7-ff85eae116a0",
			"unitOfMeasure": "M3/HR",
			"lineInformation": "Line 41C \nSLB - WDR",
			"rates": [
				800
			]
		},
		{
			"id": "9f198c01-5ead-4e60-a9d2-fe7cdbc1c952",
			"lineId": "935923e7-2f10-4a6d-9c31-cb28dd8068dc",
			"unitOfMeasure": "BBLS/HR",
			"lineInformation": "TAFT-CCST",
			"rates": [
				15000,
				16000,
				14000,
				8000,
				10000,
				17000
			]
		},
		{
			"id": "dcf4c2e0-91b8-4eb7-97d2-d856e491984e",
			"lineId": "754c675f-38c7-40ae-8b2c-ba66f21aa2a2",
			"unitOfMeasure": "M3/HR",
			"lineInformation": "Line 40B \nBFL - CPT",
			"rates": [
				1250,
				1670,
				1400,
				1530
			]
		},
		{
			"id": "03d81445-0ac6-4d74-9e56-271956864a6f",
			"lineId": "51bba502-60b4-4d9b-819e-fddc348125aa",
			"unitOfMeasure": "M3/HR",
			"lineInformation": "Line 21",
			"rates": [
				100,
				110
			]
		},
		{
			"id": "2c33f57c-f50a-4fc5-ab6a-9ac2d7e31ad0",
			"lineId": "df1f9408-839c-44c8-8122-be7fa565c0b9",
			"unitOfMeasure": "BBLS/HR",
			"lineInformation": "HLTT-CJCT",
			"rates": [
				2520,
				4000,
				5000,
				6000
			]
		},
		{
			"id": "6dde4975-b642-4240-bfb8-b37dc50942b7",
			"lineId": "104b2178-d7c3-4cb3-825a-c2b1411294ab",
			"unitOfMeasure": "BBLS/HR",
			"lineInformation": "CNAN-WINK",
			"rates": [
				8000,
				10000,
				14000,
				16000,
				12000
			]
		},
		{
			"id": "b51a6267-de00-4342-a3d8-b08b637293de",
			"lineId": "ea545798-b128-4b72-bbf9-1ed0999377f1",
			"unitOfMeasure": "BBLS/HR",
			"lineInformation": "ZENA-MENT",
			"rates": [
				2890,
				2520
			]
		},
		{
			"id": "c130b1e8-7159-4265-9560-26e98d7868a6",
			"lineId": "78b8e640-3d25-48a5-84f5-36c741bd1a20",
			"unitOfMeasure": "M3/HR",
			"lineInformation": "Line 41B \nGRN - SLB",
			"rates": [
				900,
				1030,
				880,
				950,
				800,
				860
			]
		},
		{
			"id": "a03e010e-4652-4d5b-ad98-596714319a99",
			"lineId": "607dc780-6fc3-4816-9563-5642c8430e05",
			"unitOfMeasure": "M3/HR",
			"lineInformation": "Line 26",
			"rates": [
				255,
				1080
			]
		}
	]
}