{
  "data": {
    "line": "string",
    "title": "string",
    "applicableDateStart": "2024-11-27T14:53:04.721Z",
    "applicableDateEnd": "2024-11-27T14:53:04.721Z",
    "historicDates": [
      {
        "startDate": "2024-11-27T14:53:04.721Z",
        "endDate": "2024-11-27T14:53:04.721Z"
      }
    ]
  }
}



{
  "data": {
    "station": "AP",
    "applicableDateStart": "2024-12-04T12:04:40.124Z",
    "applicableDateEnd": "2024-12-04T12:04:40.124Z",
    "historicDates": [
      {
        "startDate": "2024-11-01T12:04:40.124Z",
        "endDate": "2024-11-01T12:04:40.124Z"
      }
    ]
  }
}

{
  "data": {
    "line": "2A",
    "title": "Title power curve",
    "applicableDateStart": "2024-12-27T14:53:04.721Z",
    "applicableDateEnd": "2024-12-27T14:53:04.721Z",
    "historicDates": [
      {
        "startDate": "2024-11-27T14:53:04.721Z",
        "endDate": "2024-11-27T14:53:04.721Z"
      }
    ]
  }
}

{
  "data": {
    "selectedCurveFitMethod": "Exponential",
    "userInputA": 1400,
    "userInputB": 2400,
    "userInputC": 3400
  }
}



{
  "data": {
    "flowData": [
      {
        "flowRate": 10,
        "userPowerKW": 100
      }
    ]
  }
}


{
  "ref": "String",
  "refId": 0,
  "comment": "String"
}


SELECT * FROM [bolt_stage].PowerCurve WHERE powerCurveID=158-- AND status = 'Draft'


SELECT * FROM [bolt_stage].[PowerCurveDetails] WHERE powerCurveID = 158 and line='4' and station='AP'


SELECT * FROM [bolt_stage].LineStationReference where line = '4'  and station='AM'


SELECT * FROM [bolt_stage].[PowerCurveStationDetails] WHERE powerCurveID = 158 and line='4' and station='AM'



SELECT * FROM [bolt_stage].[LineStationReference] WHERE station = 'AP' 

 Select * from  [bolt_stage].[PowerCurveDetails] where [powerCurveID]=202 and station = 'AP'

 SELECT *  FROM [bolt_stage].[PowerCurveStationDetails] where powerCurveID=201 and powerCurveDetailID=2677

 select *  FROM [bolt_stage].[PowerCurve] where [powerCurveID]=201

{
  "data": {
    "flowData": [
         {
        "flowRate": 7900,
        "userPowerKW": 100
      },
      {
        "flowRate": 8100,
        "userPowerKW": 100
      },
       {
        "flowRate": 7400,
        "userPowerKW": 100
      },
       {
        "flowRate": 4800,
        "userPowerKW": 100
      },
       {
        "flowRate": 8300,
        "userPowerKW": 100
      },
      {
        "flowRate": 8830,
        "userPowerKW": 100
      },
       {
        "flowRate": 4200,
        "userPowerKW": 100
      },
       {
        "flowRate": 7200,
        "userPowerKW": 100
      },
       {
        "flowRate": 6600,
        "userPowerKW": 100
      },
      {
        "flowRate": 8500,
        "userPowerKW": 100
      },
       {
        "flowRate": 5200,
        "userPowerKW": 100
      },
       {
        "flowRate": 6000,
        "userPowerKW": 100
      },
       {
        "flowRate": 5700,
        "userPowerKW": 100
      },
      {
        "flowRate": 3650,
        "userPowerKW": 100
      },
       {
        "flowRate": 7400,
        "userPowerKW": 100
      },
       {
        "flowRate": 9009,
        "userPowerKW": 100
      },
       {
        "flowRate": 6850,
        "userPowerKW": 100
      },
      {
        "flowRate": 8600,
        "userPowerKW": 100
      },
       {
        "flowRate": 7600,
        "userPowerKW": 100
      },
       {
        "flowRate": 3900,
        "userPowerKW": 100
      },
      {
        "flowRate": 7000,
        "userPowerKW": 100
      }
    ]
  }
}
