{
   "meta": {
        "powerCurveID": 1321,
        "line": "14",
        "region" : "WESTERN",
        "tite" : "",
        "applicableDateStart": "2024-12-01T00:00:00",
        "applicableDateEnd": "2024-12-31T00:00:00"
   },
   "data": [ 
    {
        "station" : "AB",
        "powerCurveDetailID": 1321,
        "applicableDateStart": "2024-12-01T00:00:00",
        "applicableDateEnd": "2024-12-31T00:00:00",
        "historicalDateRange": 
            [
                {
                    "startDate": "2023-06-01T00:00:00",
                    "endDate":"2023-06-30T00:00:00"
                },
                {
                    "startDate":    "2023-07-01T00:00:00",
                    "endDate":"2023-12-31T00:00:00"
                }
            ],
        "selectedCurveFitMethod": "Ploynomial",
        "polynomialRSquare": 0.9996602535247803,
        "exponentialRSquare": 0.9996602535247803,
        "polynomialCalculatedA": -1516.704833984375,
        "polynomialCalculatedB": 1.995182991027832,
        "polynomialCalculatedC": -0.0001635339140193537,
        "exponentialCalculatedA": null,
        "exponentialCalculatedB": null,
        "userInputA": null,
        "userInputB": null,
        "userInputC": null,
        "status": "Completed",
        "powerCurveStationDetails" : [
            {
                "powerCurveStationDetailsID" : "1234",
                "flowRate": 600,
                "count": 34,
                "referncePowerKwh": 1345.64,
                "userPowerKwh": 1345.64,
                "lastUpdatedDateTime":  "2024-12-01T00:00:00"
            },
            {
                "powerCurveStationDetailsID" : "1234",
                "flowRate": 800,
                "count": 240,
                "referncePowerKwh": 2203.20,
                "userPowerKwh": 2205,
                "lastUpdatedDateTime":  "2024-12-01T00:00:00"
            }
        ]
      
    },
    {
        "station" : "AB",
        "powerCurveDetailID": 1322,
        "applicableDateStart": "2024-12-01T00:00:00",
        "applicableDateEnd": "2024-12-31T00:00:00",
        "historicalDateRange": 
            [
                {
                    "startDate": "2023-06-01T00:00:00",
                    "endDate":"2023-06-30T00:00:00"
                },
                {
                    "startDate":    "2023-07-01T00:00:00",
                    "endDate":"2023-12-31T00:00:00"
                }
            ],
        "selectedCurveFitMethod": "Ploynomial",
        "polynomialRSquare": 0.9996602535247803,
        "exponentialRSquare": 0.9996602535247803,
        "polynomialCalculatedA": -1516.704833984375,
        "polynomialCalculatedB": 1.995182991027832,
        "polynomialCalculatedC": -0.0001635339140193537,
        "exponentialCalculatedA": null,
        "exponentialCalculatedB": null,
        "userInputA": null,
        "userInputB": null,
        "userInputC": null,
        "status": "Completed",
        "powerCurveStationDetails" : [
            {
                "powerCurveStationDetailsID" : "1234",
                "flowRate": 600,
                "count": 34,
                "referncePowerKwh": 2345.64,
                "userPowerKwh": 2345.64,
                "lastUpdatedDateTime":  "2024-12-01T00:00:00"
            },
            {
                "powerCurveStationDetailsID" : "1234",
                "flowRate": 800,
                "count": 240,
                "referncePowerKwh": 3203.20,
                "userPowerKwh": 3205,
                "lastUpdatedDateTime":  "2024-12-01T00:00:00"
            }
        ]
      
    }
   ]   
}