{
    "meta" : {

    },
    "data" : [
        {
            "powerCurveID" : 1234,
            "title" : "Power Curve for Line 1",
            "region" : "WESTERN",
            "line" : "1",
            "applicableStartDate" : "2024-12-01T00:00:00+06:00",
            "applicableEndDate" : "2024-12-31T23:59:59-06:00",
            "updateByUserId" : "cameronj",
            "updateByUsername" : "Cameron James",
            "updateByUserGUID" : "0ab9dc5b-423c-4da8-a0ad-d4688761332d",
            "lastUpdatedDateTime" : "2024-11-10T00:00:00+06:00",
            "isFavourite" : 1,
            "status" : "INUSE"
        },
        {
            "powerCurveID" : 1235,
           "title" : "Power Curve for Line 1",
            "region" : "WESTERN",
            "line" : "1",
            "applicableStartDate" : "2025-01-01T00:00:00+06:00",
            "applicableEndDate" : "2025-03-31T23:59:59-06:00",
            "updateByUserId" : "cameronj",
            "updateByUsername" : "Cameron James",
            "updateByUserGUID" : "0ab9dc5b-423c-4da8-a0ad-d4688761332d",
            "lastUpdatedDateTime" : "2024-12-10T00:00:00+06:00",
            "isFavourite" : 0,
            "status" : "READY"
        },
        {
            "powerCurveID" : 1000,
           "title" : "Power Curve for Line 1",
            "region" : "WESTERN",
            "line" : "1",
            "applicableStartDate" : "2023-01-01T00:00:00+06:00",
            "applicableEndDate" : "2023-03-31T23:59:59-06:00",
            "updateByUserId" : "cameronj",
            "updateByUsername" : "Cameron James",
            "updateByUserGUID" : "0ab9dc5b-423c-4da8-a0ad-d4688761332d",
            "lastUpdatedDateTime" : "2022-12-10T00:00:00+06:00",
            "isFavourite" : 0,
            "status" : "ARCHIVE"
        },
        {
            "powerCurveID" : 999,
            "title" : "Power Curve for Line 1",
            "region" : "WESTERN",
            "line" : "1",
            "applicableStartDate" : "2023-04-01T00:00:00+06:00",
            "applicableEndDate" : "2023-05-31T23:59:59-06:00",
            "updateByUserId" : "cameronj",
            "updateByUsername" : "Cameron James",
            "updateByUserGUID" : "0ab9dc5b-423c-4da8-a0ad-d4688761332d",
            "lastUpdatedDateTime" : "2023-01-10T00:00:00+06:00",
            "isFavourite" : 1,
            "status" : "ARCHIVE"
        },
        {
            "powerCurveID" : 1200,
            "title" : "Power Curve for Line 2A",
            "region" : "WESTERN",
            "line" : "2A",
            "applicableStartDate" : "2024-12-01T00:00:00+06:00",
            "applicableEndDate" : "2024-12-31T23:59:59-06:00",
            "updateByUserId" : "cameronj",
            "updateByUsername" : "Cameron James",
            "updateByUserGUID" : "0ab9dc5b-423c-4da8-a0ad-d4688761332d",
            "lastUpdatedDateTime" : "2024-11-10T00:00:00+06:00",
            "isFavourite" : 1,
            "status" : "INUSE"
        },
        {
            "powerCurveID" : 1500,
           "title" : "Power Curve for Line 1",
            "region" : "WESTERN",
            "line" : "1",
            "applicableStartDate" : "2025-04-01T00:00:00+06:00",
            "applicableEndDate" : "2025-07-31T23:59:59-06:00",
            "updateByUserId" : "cameronj",
            "updateByUsername" : "Cameron James",
            "updateByUserGUID" : "0ab9dc5b-423c-4da8-a0ad-d4688761332d",
            "lastUpdatedDateTime" : "2025-03-10T00:00:00+06:00",
            "isFavourite" : 0,
            "status" : "DRAFT"
        }
    ]
}